{
  "potential": "r^4",
  "n_total": 200,
  "n_ok": 200,
  "norm_sq_sum_range": [
    4896.643066854243,
    123477944102.0
  ],
  "gram_condition_range": [
    1257247078421213.2,
    1.5142166163605975e+18
  ],
  "gram_det_range": [
    -4.645948048777327e+69,
    2.2083654758186555e+69
  ],
  "gram_min_eig_range": [
    -2.1035408897141503e-06,
    2.3554933353517302e-06
  ],
  "gram_rank_values": [
    13,
    14,
    15,
    16
  ]
}