{
  "potential": "1/r",
  "n_total": 200,
  "n_ok": 200,
  "n_rank_drop": 0,
  "n_insufficient": 0,
  "sc_norm_range": [
    809.849966449158,
    8.673892850046348e+18
  ],
  "sc_norm_mean": 4.347955970568269e+16,
  "sc_norm_std": 6.117956596606559e+17,
  "center_dim_values": [
    0,
    1,
    3,
    4
  ],
  "center_dim_uniform": false,
  "killing_signature_values": [
    [
      5,
      0,
      12
    ],
    [
      6,
      0,
      11
    ],
    [
      7,
      0,
      10
    ],
    [
      8,
      0,
      9
    ],
    [
      9,
      0,
      8
    ],
    [
      10,
      0,
      7
    ],
    [
      11,
      0,
      6
    ],
    [
      12,
      0,
      5
    ],
    [
      13,
      0,
      4
    ],
    [
      14,
      0,
      3
    ],
    [
      15,
      0,
      2
    ],
    [
      16,
      0,
      1
    ],
    [
      17,
      0,
      0
    ]
  ],
  "killing_signature_uniform": false,
  "condition_number_range": [
    42.13683370151221,
    143694.67429042803
  ]
}