{
  "potential": "1/r",
  "n_total": 200,
  "n_ok": 200,
  "norm_sq_sum_range": [
    56.23346363731228,
    81971269798528.0
  ],
  "gram_condition_range": [
    2132446186021055.0,
    6.210482498938881e+18
  ],
  "gram_det_range": [
    -1.0052068870651382e+46,
    4.931473828091895e+55
  ],
  "gram_min_eig_range": [
    -0.004380641227674042,
    4.495027440936077e-08
  ],
  "gram_rank_values": [
    7,
    8,
    9,
    12,
    15,
    16
  ]
}