{
  "potential": "composite",
  "n_total": 200,
  "n_ok": 200,
  "norm_sq_sum_range": [
    13906.337469236732,
    5.3692460257049325e+32
  ],
  "gram_condition_range": [
    19880974872476.688,
    3.1962482681503154e+20
  ],
  "gram_det_range": [
    -7.164399001936143e+223,
    2.436429111638597e+189
  ],
  "gram_min_eig_range": [
    -4.825196485342624e+16,
    0.0006010556388531151
  ],
  "gram_rank_values": [
    2,
    5,
    6,
    7,
    8,
    9,
    10,
    11,
    12,
    13,
    14,
    15,
    16
  ]
}