{
  "config": "scalene",
  "mu": 0.6,
  "phi": 0.785,
  "epsilon": 0.005,
  "n_samples": 5000,
  "n_generators": 156,
  "n_pairs": 11523,
  "level_dims": {
    "0": 3,
    "1": 6,
    "2": 17,
    "3": 116,
    "4": 2995
  },
  "dims": [
    3,
    6,
    17,
    116,
    2995
  ],
  "new_per_level": [
    3,
    3,
    11,
    99,
    2879
  ],
  "d4_lower_bound": 2995,
  "max_gap_ratio": 1.177120960731279,
  "max_gap_index": 4999,
  "elapsed_seconds": 63.88158559799194,
  "timestamp": "2026-02-24 07:42:26"
}