{
  "config": "global_highsample",
  "n_samples": 150000,
  "n_generators": 156,
  "n_pairs": 11523,
  "level_dims": {
    "0": 3,
    "1": 6,
    "2": 17,
    "3": 116,
    "4": 5588
  },
  "dims": [
    3,
    6,
    17,
    116,
    5588
  ],
  "d4_lower_bound": 5588,
  "best_d4_so_far": 5588,
  "boundary_gap_ratio": 1.006339442631023,
  "meaningful_max_gap_ratio": 1.0987947365044841,
  "meaningful_max_gap_index": 13,
  "max_gap_ratio": 8833.738153784214,
  "max_gap_index": 11669,
  "n_meaningful": 5588,
  "svd_time_seconds": 1535.182228565216,
  "elapsed_seconds": 1550.9037022590637,
  "definitive_gap": false,
  "timestamp": "2026-03-24 11:02:51",
  "seed": 137
}