{
  "phase": "rank_building",
  "row": 665,
  "rank": 665,
  "plateau_count": 0,
  "avg_seconds_per_row": 144.19797026434318,
  "eta_hours": 574.1883065942665,
  "elapsed_hours": 9.17259310848183,
  "timestamp": "2026-03-26 14:53:11"
}