{
  "phase": "rank_building",
  "row": 3,
  "rank": 3,
  "plateau_count": 0,
  "avg_seconds_per_row": 606.1543049812317,
  "eta_hours": 0.0,
  "elapsed_hours": 0.5051285874843597,
  "timestamp": "2026-03-24 19:21:31"
}