{
  "config": "global_highsample",
  "n_samples": 30000,
  "n_generators": 156,
  "n_pairs": 11523,
  "level_dims": {
    "0": 3,
    "1": 6,
    "2": 17,
    "3": 116,
    "4": 4501
  },
  "dims": [
    3,
    6,
    17,
    116,
    4501
  ],
  "d4_lower_bound": 4501,
  "best_d4_so_far": 4501,
  "max_gap_ratio": 2225.5339474114307,
  "max_gap_index": 11673,
  "svd_time_seconds": 182.44585800170898,
  "elapsed_seconds": 187.4271228313446,
  "definitive_gap": true,
  "timestamp": "2026-02-25 06:25:24",
  "seed": 137
}