{
  "N": 3,
  "d": 1,
  "potential": "r^3",
  "potential_label": "r^3",
  "max_level": 3,
  "quantum": false,
  "bracket_type": "Poisson",
  "n_generators": 156,
  "n_monomials": 364,
  "cumulative_rank": [
    3,
    6,
    17,
    109
  ],
  "new_per_level": [
    3,
    3,
    11,
    92
  ],
  "matrix_density": 0.08301634263172725,
  "computation_time_seconds": 2.5,
  "sympy_version": "1.14.0",
  "stabilized": false,
  "structure": {
    "basis_indices": [
      0,
      1,
      2,
      3,
      4,
      5,
      6,
      7,
      8,
      9,
      10,
      11,
      12,
      13,
      14,
      16,
      17,
      18,
      19,
      20,
      21,
      22,
      23,
      24,
      25,
      26,
      27,
      28,
      29,
      30,
      31,
      33,
      34,
      36,
      37,
      38,
      39,
      40,
      41,
      42,
      43,
      44,
      45,
      46,
      47,
      49,
      50,
      53,
      54,
      55,
      56,
      57,
      58,
      59,
      60,
      61,
      62,
      64,
      65,
      66,
      67,
      68,
      69,
      70,
      71,
      72,
      73,
      74,
      75,
      76,
      78,
      79,
      81,
      82,
      83,
      84,
      85,
      86,
      87,
      88,
      89,
      91,
      92,
      93,
      94,
      95,
      97,
      98,
      99,
      100,
      101,
      103,
      104,
      106,
      107,
      109,
      110,
      112,
      114,
      118,
      120,
      121,
      127,
      133,
      134,
      144,
      145,
      148,
      155
    ],
    "killing_signature": [
      29,
      0,
      80
    ],
    "killing_trace": 1145901.1901518363,
    "is_semisimple": false,
    "derived_series": [
      109,
      106,
      81,
      3,
      0
    ],
    "is_solvable": true,
    "solvability_length": 4,
    "lower_central_series": [
      109,
      106,
      103,
      95,
      52,
      5,
      10,
      65,
      93,
      52,
      5
    ],
    "is_nilpotent": false,
    "nilpotency_class": null,
    "center_dimension": 80,
    "monomial_summary": {
      "0": {
        "count": 3,
        "avg_monomials": 6.0,
        "max_degree": 3
      },
      "1": {
        "count": 3,
        "avg_monomials": 4.333333333333333,
        "max_degree": 3
      },
      "2": {
        "count": 12,
        "avg_monomials": 12.0,
        "max_degree": 4
      },
      "3": {
        "count": 138,
        "avg_monomials": 32.891304347826086,
        "max_degree": 6
      }
    }
  }
}