{
  "config": "global",
  "mu": null,
  "phi": null,
  "epsilon": null,
  "n_samples": 5000,
  "n_generators": 156,
  "n_pairs": 11523,
  "level_dims": {
    "0": 3,
    "1": 6,
    "2": 17,
    "3": 116,
    "4": 2253
  },
  "dims": [
    3,
    6,
    17,
    116,
    2253
  ],
  "new_per_level": [
    3,
    3,
    11,
    99,
    2137
  ],
  "d4_lower_bound": 2253,
  "max_gap_ratio": 1.2708963243902829,
  "max_gap_index": 1,
  "elapsed_seconds": 63.34933280944824,
  "timestamp": "2026-02-24 08:55:49"
}