{
  "label": "1/r^2.71828",
  "total_points": 2500,
  "valid_points": 2500,
  "rank_116_count": 1579,
  "rank_116_fraction": 0.6316,
  "unique_ranks": [
    89,
    90,
    91,
    92,
    99,
    100,
    105,
    106,
    107,
    108,
    109,
    110,
    111,
    112,
    113,
    114,
    115,
    116
  ],
  "elapsed_seconds": 12393.617954969406,
  "timestamp": "2026-04-12 00:50:00"
}