{
  "potential": "1/r^1.61803398875",
  "exponent": 1.61803398875,
  "masses": [
    1.0,
    1.0,
    1.0
  ],
  "charges": null,
  "level": 3,
  "grid_n": 50,
  "n_phase_samples": 200,
  "adaptive": false,
  "mu_range": [
    0.2,
    3.0
  ],
  "phi_range": [
    0.1,
    3.041592653589793
  ],
  "label": "1/r^1.61803",
  "parametric": true
}