{
  "label": "1/r^1.61803",
  "total_points": 2500,
  "valid_points": 2500,
  "rank_116_count": 1584,
  "rank_116_fraction": 0.6336,
  "unique_ranks": [
    106,
    107,
    108,
    109,
    110,
    111,
    112,
    113,
    114,
    115,
    116
  ],
  "elapsed_seconds": 13126.990360498428,
  "timestamp": "2026-04-12 04:28:47"
}