{
  "experiment": "Bell Test for the Poisson Algebra",
  "n_generators": 156,
  "level_counts": {
    "0": 3,
    "1": 3,
    "2": 12,
    "3": 138
  },
  "strata": {
    "equilateral": {
      "variant1": {
        "max_abs_S": 0.11000000000000001,
        "max_S": -0.11000000000000001,
        "ci_95": [
          -0.1701,
          -0.021725000000000032
        ],
        "optimal_angles_deg": [
          0.0,
          239.99999999999997,
          20.0,
          140.0
        ],
        "significant_violation": false,
        "n_samples": 2000
      },
      "variant2": {
        "max_abs_S": 0.5960000000000001,
        "max_S": 0.5960000000000001,
        "ci_95": [
          0.50645,
          0.68975
        ],
        "optimal_angles_deg": [
          160.0,
          200.0,
          0.0,
          280.0
        ],
        "significant_violation": false,
        "n_samples": 2000
      },
      "variant3": {
        "max_abs_S": 1.77,
        "max_S": 1.77,
        "ci_95": [
          1.721225,
          1.8125499999999997
        ],
        "optimal_angles_deg": [
          100.0,
          119.99999999999999,
          80.0,
          280.0
        ],
        "significant_violation": false,
        "n_samples": 2000
      }
    },
    "pair_apparatus": {
      "variant1": {
        "max_abs_S": 0.09200000000000001,
        "max_S": 0.09200000000000001,
        "ci_95": [
          0.0040250000000000025,
          0.17154999999999998
        ],
        "optimal_angles_deg": [
          100.0,
          160.0,
          59.99999999999999,
          320.0
        ],
        "significant_violation": false,
        "n_samples": 2000
      },
      "variant2": {
        "max_abs_S": 0.548,
        "max_S": 0.548,
        "ci_95": [
          0.475,
          0.62365
        ],
        "optimal_angles_deg": [
          80.0,
          119.99999999999999,
          119.99999999999999,
          339.99999999999994
        ],
        "significant_violation": false,
        "n_samples": 2000
      },
      "variant3": {
        "max_abs_S": 0.09,
        "max_S": 0.09,
        "ci_95": [
          0.033225,
          0.14400000000000002
        ],
        "optimal_angles_deg": [
          80.0,
          119.99999999999999,
          80.0,
          260.0
        ],
        "significant_violation": false,
        "n_samples": 2000
      }
    },
    "separated": {
      "variant1": {
        "max_abs_S": 0.114,
        "max_S": -0.114,
        "ci_95": [
          -0.187775,
          -0.0519
        ],
        "optimal_angles_deg": [
          80.0,
          160.0,
          119.99999999999999,
          220.0
        ],
        "significant_violation": false,
        "n_samples": 2000
      },
      "variant2": {
        "max_abs_S": 0.498,
        "max_S": -0.498,
        "ci_95": [
          -0.5957500000000001,
          -0.407125
        ],
        "optimal_angles_deg": [
          20.0,
          339.99999999999994,
          40.0,
          100.0
        ],
        "significant_violation": false,
        "n_samples": 2000
      },
      "variant3": {
        "max_abs_S": 1.704,
        "max_S": -1.704,
        "ci_95": [
          -1.751,
          -1.6675750000000003
        ],
        "optimal_angles_deg": [
          260.0,
          280.0,
          80.0,
          280.0
        ],
        "significant_violation": false,
        "n_samples": 2000
      }
    }
  },
  "overall": {
    "any_significant_violation": false,
    "max_abs_S_across_all": 1.77,
    "classical_bound": 2.0,
    "tsirelson_bound": 2.8284271247461903
  }
}