{
  "potential": "composite",
  "n_total": 200,
  "n_ok": 200,
  "n_rank_drop": 0,
  "n_insufficient": 0,
  "sc_norm_range": [
    222571.25094803728,
    2.752120957409515e+28
  ],
  "sc_norm_mean": 1.3903288998553356e+26,
  "sc_norm_std": 1.9411747697116503e+27,
  "center_dim_values": [
    0,
    1,
    2,
    3,
    4,
    5,
    6,
    7,
    8,
    9,
    10
  ],
  "center_dim_uniform": false,
  "killing_signature_values": [
    [
      4,
      0,
      13
    ],
    [
      5,
      0,
      12
    ],
    [
      6,
      0,
      11
    ],
    [
      7,
      0,
      10
    ],
    [
      8,
      0,
      9
    ],
    [
      9,
      0,
      8
    ],
    [
      10,
      0,
      7
    ],
    [
      11,
      0,
      6
    ],
    [
      12,
      0,
      5
    ],
    [
      13,
      0,
      4
    ],
    [
      14,
      0,
      3
    ],
    [
      15,
      0,
      2
    ],
    [
      16,
      0,
      1
    ],
    [
      17,
      0,
      0
    ]
  ],
  "killing_signature_uniform": false,
  "condition_number_range": [
    11.563902202396308,
    69581097745961.0
  ]
}