{
  "config": "global_highsample",
  "n_samples": 200000,
  "n_generators": 156,
  "n_pairs": 11523,
  "level_dims": {
    "0": 3,
    "1": 6,
    "2": 17,
    "3": 116,
    "4": 5604
  },
  "dims": [
    3,
    6,
    17,
    116,
    5604
  ],
  "d4_lower_bound": 5604,
  "best_d4_so_far": 5604,
  "boundary_gap_ratio": 1.0095833054302183,
  "meaningful_max_gap_ratio": 1.5470492779080136,
  "meaningful_max_gap_index": 1,
  "max_gap_ratio": 10438.331333826713,
  "max_gap_index": 11669,
  "n_meaningful": 5604,
  "svd_time_seconds": 1831.0721487998962,
  "elapsed_seconds": 1851.8143541812897,
  "definitive_gap": false,
  "timestamp": "2026-03-24 11:33:44",
  "seed": 137
}