{
  "config": "scalene",
  "mu": 0.6,
  "phi": 0.785,
  "epsilon": 0.005,
  "n_samples": 20000,
  "n_generators": 156,
  "n_pairs": 11523,
  "level_dims": {
    "0": 3,
    "1": 6,
    "2": 17,
    "3": 116,
    "4": 3218
  },
  "dims": [
    3,
    6,
    17,
    116,
    3218
  ],
  "new_per_level": [
    3,
    3,
    11,
    99,
    3102
  ],
  "d4_lower_bound": 3218,
  "max_gap_ratio": 2.691565092242816,
  "max_gap_index": 11678,
  "elapsed_seconds": 642.2255864143372,
  "timestamp": "2026-02-24 07:58:01"
}