{
  "config": "euler",
  "mu": 0.5,
  "phi": 3.141592653589793,
  "epsilon": 0.005,
  "n_samples": 5000,
  "n_generators": 156,
  "n_pairs": 11523,
  "level_dims": {
    "0": 3,
    "1": 6,
    "2": 17,
    "3": 115,
    "4": 2030
  },
  "dims": [
    3,
    6,
    17,
    115,
    2030
  ],
  "new_per_level": [
    3,
    3,
    11,
    98,
    1915
  ],
  "d4_lower_bound": 2030,
  "max_gap_ratio": 1.39440956045714,
  "max_gap_index": 4999,
  "elapsed_seconds": 62.0939838886261,
  "timestamp": "2026-02-24 06:34:54"
}