{
  "config": "global",
  "mu": null,
  "phi": null,
  "epsilon": null,
  "n_samples": 20000,
  "n_generators": 156,
  "n_pairs": 11523,
  "level_dims": {
    "0": 3,
    "1": 6,
    "2": 17,
    "3": 116,
    "4": 3959
  },
  "dims": [
    3,
    6,
    17,
    116,
    3959
  ],
  "new_per_level": [
    3,
    3,
    11,
    99,
    3843
  ],
  "d4_lower_bound": 3959,
  "max_gap_ratio": 3.8112865035709365,
  "max_gap_index": 11678,
  "elapsed_seconds": 643.0074119567871,
  "timestamp": "2026-02-24 09:11:22"
}