{
  "label": "1/r^3.14159",
  "total_points": 2500,
  "valid_points": 2500,
  "rank_116_count": 1500,
  "rank_116_fraction": 0.6,
  "unique_ranks": [
    90,
    91,
    99,
    105,
    106,
    107,
    108,
    109,
    110,
    111,
    112,
    113,
    114,
    115,
    116
  ],
  "elapsed_seconds": 12330.254343509674,
  "timestamp": "2026-04-11 21:23:26"
}