{
  "config": "euler",
  "mu": 0.5,
  "phi": 3.141592653589793,
  "epsilon": 0.005,
  "n_samples": 10000,
  "n_generators": 156,
  "n_pairs": 11523,
  "level_dims": {
    "0": 3,
    "1": 6,
    "2": 17,
    "3": 115,
    "4": 2139
  },
  "dims": [
    3,
    6,
    17,
    115,
    2139
  ],
  "new_per_level": [
    3,
    3,
    11,
    98,
    2024
  ],
  "d4_lower_bound": 2139,
  "max_gap_ratio": 1.8700239341539349,
  "max_gap_index": 9999,
  "elapsed_seconds": 287.2858793735504,
  "timestamp": "2026-02-24 06:39:43"
}