{
  "config": "global_highsample",
  "n_samples": 75000,
  "n_generators": 156,
  "n_pairs": 11523,
  "level_dims": {
    "0": 3,
    "1": 6,
    "2": 17,
    "3": 116,
    "4": 5310
  },
  "dims": [
    3,
    6,
    17,
    116,
    5310
  ],
  "d4_lower_bound": 5310,
  "best_d4_so_far": 5310,
  "boundary_gap_ratio": 1.0126226031783132,
  "meaningful_max_gap_ratio": 1.3903262076884226,
  "meaningful_max_gap_index": 1,
  "max_gap_ratio": 1148.6989898778522,
  "max_gap_index": 11669,
  "n_meaningful": 5310,
  "svd_time_seconds": 1053.2030770778656,
  "elapsed_seconds": 1061.093761920929,
  "definitive_gap": false,
  "timestamp": "2026-03-24 10:16:38",
  "seed": 137
}