{
  "config": "global_highsample",
  "n_samples": 100000,
  "n_generators": 156,
  "n_pairs": 11523,
  "level_dims": {
    "0": 3,
    "1": 6,
    "2": 17,
    "3": 116,
    "4": 5449
  },
  "dims": [
    3,
    6,
    17,
    116,
    5449
  ],
  "d4_lower_bound": 5449,
  "best_d4_so_far": 5449,
  "boundary_gap_ratio": 1.0165744496676337,
  "meaningful_max_gap_ratio": 1.1747997567952095,
  "meaningful_max_gap_index": 1,
  "max_gap_ratio": 7405.722064734512,
  "max_gap_index": 11669,
  "n_meaningful": 5449,
  "svd_time_seconds": 1208.858140707016,
  "elapsed_seconds": 1219.270715713501,
  "definitive_gap": false,
  "timestamp": "2026-03-24 10:36:59",
  "seed": 137
}