{
  "config": "lagrange",
  "mu": 1.0,
  "phi": 1.0471975511965976,
  "epsilon": 0.005,
  "n_samples": 5000,
  "n_generators": 156,
  "n_pairs": 11523,
  "level_dims": {
    "0": 3,
    "1": 6,
    "2": 17,
    "3": 110,
    "4": 2936
  },
  "dims": [
    3,
    6,
    17,
    110,
    2936
  ],
  "new_per_level": [
    3,
    3,
    11,
    93,
    2826
  ],
  "d4_lower_bound": 2936,
  "max_gap_ratio": 1.1730111084481516,
  "max_gap_index": 4999,
  "elapsed_seconds": 64.59038758277893,
  "timestamp": "2026-02-24 05:21:12"
}